"inds";"count";"school";"domain1";"domain2";"domain3"
3980;1;"Gulbarga University";"gulbargauniversity.kar.nic.in";NA;NA
3193;1;"Ecole Nationale Supérieure Agronomique de Toulouse";"ensat.fr";NA;NA
7460;1;"St Theresa's Medical University";"stmu.org";NA;NA
3859;1;"Károl Gáspár University of the Reformed Church";"kgre.hu";NA;NA
1905;1;"Universidade Camilo Castelo Branco";"unicastelo.br";NA;NA
2713;1;"Universidad Católica Popular del Risaralda";"ucpr.edu.co";NA;NA
4245;1;"University of Madras";"unom.ac.in";NA;NA
9224;1;"East Central College";"eastcentral.edu";NA;NA
8607;1;"Ho Chi Minh City Open University";"ou.edu.vn";NA;NA
3416;1;"Ilia Chavchavadze State University";"iliauni.edu.ge";NA;NA
9037;1;"Richland Community College";"richland.edu";NA;NA
1917;1;"Universidade do Grande Rio";"unigranrio.br";NA;NA
1099;1;"University of Tampa";"ut.edu";NA;NA
2478;1;"Northern Jiaotong University";"njtu.edu.cn";NA;NA
3341;1;"Université Lumiére (Lyon II)";"univ-lyon2.fr";NA;NA
5459;1;"Great Lakes University of Kisumu";"gluk.ac.ke";NA;NA
8074;1;"Prince of Songkla University";"psu.ac.th";NA;NA
3541;1;"Fachhochschule Wiesbaden";"fh-wiesbaden.de";NA;NA
1363;1;"Universidad Católica de Cuyo";"uccuyo.edu.ar";NA;NA
8503;1;"Warnborough University";"warnborough.edu";NA;NA
5993;1;"Universiti Malaysia Kelantan";"umk.edu.my";NA;NA
1092;1;"University of South Dakota";"usd.edu";NA;NA
5460;1;"Gretsa Universtiy";"gretsauniversity.ac.ke";NA;NA
1184;1;"Wentworth Institute of Technology";"wit.edu";NA;NA
3696;1;"Universität Stuttgart";"uni-stuttgart.de";NA;NA
259;1;"Carroll College";"carroll.edu";NA;NA
3235;1;"Ecole Supérieure de Commerce de Marseille-Provence";"esc-marseille.fr";NA;NA
2198;1;"University of St. Michael's College";"utoronto.ca";NA;NA
7907;1;"Al-Baath University";"albaath-univ.edu.sy";NA;NA
4765;1;"University of Bergamo";"unibg.it";NA;NA
532;1;"Lafayette College";"lafayette.edu";NA;NA
6084;1;"Universidad Autónoma de la Ciudad de México";"uacm.edu.mx";NA;NA
4161;1;"Rabindra Bharati University";"rabindrabharatiuniversity.net";NA;NA
2829;1;"University North";"unin.hr";NA;NA
8879;1;"Monterey Peninsula College";"mpc.edu";NA;NA
3334;1;"Université des Sciences et Technologies de Lille (Lille I)";"univ-lille1.fr";NA;NA
5118;1;"Musashi Institute of Technology";"musashi-tech.ac.jp";NA;NA
9625;1;"West Virginia Northern Community College";"wvncc.edu";NA;NA
3136;1;"University of Vaasa";"uwasa.fi";NA;NA
3918;1;"Bengal Engineering College";"becs.ac.in";NA;NA
3120;1;"Vaasa University of Applied Sciences";"puv.fi";NA;NA
5213;1;"Reitaku University";"reitaku-u.ac.jp";NA;NA
3325;1;"Université d'Avignon";"univ-avignon.fr";NA;NA
1260;1;"Kabul Health Sciences Institute";"kabuli.edu.af";NA;NA
9305;1;"CUNY Hostos Community College";"hostos.cuny.edu";NA;NA
5442;1;"Semey State University";"semgu.kz";NA;NA
2500;1;"Panzhihua University";"pzhu.edu.cn";NA;NA
6998;1;"Instituto Politécnico de Santarém";"ipsantarem.pt";NA;NA
6917;1;"Technical University of Rzeszow";"prz.rzeszow.pl";NA;NA
230;1;"California Maritime Academy";"csum.edu";NA;NA
742;1;"Portland Community College";"pcc.edu";NA;NA
9547;1;"Richland College";"richlandcollege.edu";NA;NA
8754;1;"Jefferson Davis Community College";"jdcc.edu";NA;NA
7456;1;"Kigali Independent University";"ulk.ac.rw";NA;NA
5433;1;"Al-Farabi Kazakh National University";"kaznu.kz";NA;NA
8599;1;"Ho Chi Minh City University of Foreign Languages and Information Technology";"huflit.vnn.vn";NA;NA
267;1;"Centenary College of Louisiana";"centenary.edu";NA;NA
7918;1;"Wadi International University";"wiu.edu.sy";NA;NA
8518;1;"Ferghana Politechnical Institute";"ferpi.dem.ru";NA;NA
148;1;"Angelo State University";"angelo.edu";NA;NA
7882;1;"HEP-PH FR - University of Teacher Education Fribourg";"edufr.ch";NA;NA
4005;1;"Indian Institute of Information Technology, Guwahati";"iiitg.ac.in";NA;NA
1394;1;"Instituto Universitario de la Policia Federal";"universidad-policial.edu.ar";NA;NA
2706;1;"Universidad Católica de Manizales";"ucatolicamz.edu.co";NA;NA
2235;1;"Universidad de Chile";"uchile.cl";NA;NA
8718;1;"Istanbul 29Mayis  University";"29mayis.edu.tr";NA;NA
9086;1;"Wichita Area Technical College";"watc.edu";NA;NA
3549;1;"Private Hanseuniversität";"hanseuni.de";NA;NA
3631;1;"Theologische Hochschule Friedensau";"thh-friedensau.de";NA;NA
320;1;"Columbia College Chicago";"colum.edu";NA;NA
2430;1;"Huazhong Agricultural University";"hzau.edu.cn";NA;NA
8297;1;"National University of Ostroh Academy";"uosa.uar.net";NA;NA
7766;1;"Al Fashir University";"fashir.edu.sd";NA;NA
1485;1;"University of Western Sydney";"uws.edu.au";NA;NA
333;1;"Cornell College";"cornell-iowa.edu";NA;NA
1711;1;"Katholieke Universiteit Leuven, Campus Kortrijk";"kulak.ac.be";NA;NA
6170;1;"Universidad Pedagógica Nacional";"upn.mx";NA;NA
2769;1;"Universidad del Tolima";"ut.edu.co";NA;NA
5184;1;"Okinawa International University";"okiu.ac.jp";NA;NA
6230;1;"Institut Supérieur de Management et de Technologie (MATCI)";"matci.ac.ma";NA;NA
5541;1;"Dongduk Women's University";"dongduk.ac.kr";NA;NA
8227;1;"St. Augustine International University";"saiu.ac.ug";NA;NA
4764;1;"Basilicata University Potenza";"unibas.it";NA;NA
5177;1;"Oita University";"oita-u.ac.jp";NA;NA
1815;1;"Instituto Tecnológico de Aeronáutica";"ita.br";NA;NA
1299;1;"Université M'hamed Bouguerra de Boumerdes";"umbb.dz";NA;NA
3538;1;"Fachhochschule Weihenstephan";"fh-weihenstephan.de";NA;NA
2957;1;"Pontificia Universidad Católica del Ecuador";"puce.edu.ec";NA;NA
8857;1;"Hartnell College";"hartnell.edu";NA;NA
845;1;"Southern Oregon State College";"sou.edu";NA;NA
2130;1;"Ontario College of Art and Design";"ocad.ca";NA;NA
2482;1;"Nanjing University of Posts and Telecommunications";"njupt.edu.cn";NA;NA
8403;1;"ifs University College";"ifslearning.ac.uk";NA;NA
4589;1;"Shahrood University of Technology";"shahroodut.ac.ir";NA;NA
7653;1;"Escuela Superior de Gestion Comercial y Marketing (ESIC)";"esic.es";NA;NA
5493;1;"Technical University of Mombasa";"tum.ac.ke";NA;NA
3337;1;"Université du Littoral Cote d'Opale";"univ-littoral.fr";NA;NA
4139;1;"National Institute of Technology Warangal";"nitw.ernet.in";NA;NA
6828;1;"University of Perpetual Help";"uphr.edu.ph";NA;NA
1361;1;"Universidad Católica de Salta";"ucasal.net";NA;NA
1651;1;"Academy of the Ministry of Internal Affairs of the Republic of Belarus";"academy.mia.by";NA;NA
8177;1;"Kahramanmaras Sütcü Imam University";"ksu.edu.tr";NA;NA
4586;1;"Semnan University of Medical Sciences";"sem-ums.ac.ir";NA;NA
387;1;"Elon College";"elon.edu";NA;NA
1679;1;"Mogilev State University A.A. Kuleshov";"msu.mogilev.by";NA;NA
2952;1;"Escuela Politécnica del Ejercito";"espe.edu.ec";NA;NA
5931;1;"Shahputra College";"kolejshahputra.edu.my";NA;NA
9335;1;"Asheville-​Buncombe Technical Community College";"abtech.edu";NA;NA
916;1;"Texas Christian University";"tcu.edu";NA;NA
9320;1;"Niagara County Community College";"niagaracc.suny.edu";NA;NA
3104;1;"University of the South Pacific";"usp.ac.fj";NA;NA
6635;1;"Floret Global University";"floret.edu.pa";NA;NA
8604;1;"Water Resources University";"hwru.edu.vn";NA;NA
8731;1;"Nuh Naci Yazgan University";"nny.edu.tr";NA;NA
5831;1;"Zawiya University";"zu.edu.ly";NA;NA
3427;1;"BiTS - Business and Information Technology School gGmbH";"bits-iserlohn.de";NA;NA
3705;1;"Bergische Universität Gesamthochschule Wuppertal";"uni-wuppertal.de";NA;NA
994;1;"University of Dubuque";"dbq.edu";NA;NA
1642;1;"Shahjalal University of Science and Technology";"sust.edu";NA;NA
7960;1;"Nanhua University";"nhu.edu.tw";NA;NA
5094;1;"Meijo University";"meijo-u.ac.jp";NA;NA
6520;1;"Government College University Lahore";"gcu.edu.pk";NA;NA
6083;1;"Universidad Autónoma de Ciudad Juárez";"uacj.mx";NA;NA
2249;1;"Universidad de La Frontera";"ufro.cl";NA;NA
9142;1;"North Shore Community College";"northshore.edu";NA;NA
9456;1;"Harrisburg Area Community College-​Harrisburg";"hacc.edu";NA;NA
8197;1;"Istanbul Şehir University";"sehir.edu.tr";NA;NA
1603;1;"East-West University, Mohakhali";"ewubd.edu";NA;NA
3042;1;"Universidad Dr. Jose Matias Delgado";"ujmd.edu.sv";NA;NA
4130;1;"National Institute of Technology Puducherry";"nitpy.ac.in";NA;NA
2486;1;"Nankai University";"nku.nankai.edu.cn";NA;NA
3130;1;"Tampere University of Technology";"tut.fi";NA;NA
9146;1;"Springfield Technical Community College";"stcc.edu";NA;NA
5216;1;"Ritsumeikan University";"ritsumei.ac.jp";NA;NA
5624;1;"Korea National University of Physical Education";"knupe.ac.kr";NA;NA
5986;1;"TPM College";"tpmcollege.edu.my";NA;NA
8287;1;"Khmelnitsky National University";"tup.km.ua";NA;NA
6909;1;"Technical University of Czestochowa";"pcz.czest.pl";NA;NA
1118;1;"University of the Virgin Islands";"uvi.edu";NA;NA
6285;1;"Islamic University of Rotterdam";"islamicuniversity.nl";NA;NA
4739;1;"University Institute of Architecture Venice";"iuav.unive.it";NA;NA
75;1;"St. Johns River State College";"sjrstate.edu";NA;NA
8674;1;"Bitlis Eren University";"beu.edu.tr";NA;NA
9587;1;"Thomas Nelson Community College";"tncc.edu";NA;NA
9254;1;"Northeast Community College";"northeast.edu";NA;NA
769;1;"Rivier College";"riv.edu";NA;NA
4743;1;"University Institute of Oriental Studies";"iuo.it";NA;NA
103;1;"Utica College";"utica.edu";NA;NA
2173;1;"University of New Brunswick";"unb.ca";NA;NA
5364;1;"Keiai University";"u-keiai.ac.jp";NA;NA
5394;1;"Al al-Bayt University";"aabu.edu.jo";NA;NA
2509;1;"Shanghai Sanda University";"sandau.edu.cn";NA;NA
1016;1;"University of Louisiana at Monroe";"ulm.edu";NA;NA
6362;1;"Bingham University";"binghamuni.edu.ng";NA;NA
5527;1;"Catholic University of Korea";"cuk.ac.kr";NA;NA
8299;1;"National University of Food Technologies";"usuft.kiev.ua";NA;NA
1293;1;"University of Korca \"Fan Noli\"";"unkorce.edu.al";NA;NA
5458;1;"Egerton University";"egerton.ac.ke";NA;NA
5992;1;"Universiti Malaya";"um.edu.my";NA;NA
6016;1;"Universiti Utara Malaysia";"uum.edu.my";NA;NA
1671;1;"Gomel State Technical University Pavel Sukhoi";"gstu.gomel.by";NA;NA
1641;1;"Stamford University";"stamforduniversity.edu.bd";NA;NA
5340;1;"Toyo Eiwa Women's University";"toyoeiwa.ac.jp";NA;NA
3492;1;"Fachhochschule Konstanz, Hochschule für Technik, Wirtschaft und Gestaltung";"fh-konstanz.de";NA;NA
934;1;"Trinity College (DC)";"trinitydc.edu";NA;NA
3284;1;"Institut Supérieur d'Agriculture Lille";"isa.fupl.asso.fr";NA;NA
437;1;"Golden Gate University";"ggu.edu";NA;NA
3814;1;"Pontifcia Universitas a S.Thomas Aquinate in Urbe";"pust.urbe.it";NA;NA
3173;1;"European Management Center Paris";"emc-campus.com";NA;NA
3429;1;"CODE University of Applied Sciences Berlin";"code.berlin";NA;NA
5267;1;"Sapporo International University";"siu.ac.jp";NA;NA
2424;1;"Harbin University of Science and Technology";"hrbust.edu.cn";NA;NA
8600;1;"Hanoi University of Mining and Geology";"humg.edu.vn";NA;NA
1147;1;"Valley City State University";"vcsu.nodak.edu";NA;NA
6203;1;"Health sciences University of Mongolia";"hsum-ac.mn";NA;NA
20;1;"Claremont Graduate University";"cgu.edu";NA;NA
897;1;"Suffolk University";"suffolk.edu";NA;NA
2284;1;"Anhui University of Traditional Chinese Medicine";"ahtcm.edu.cn";NA;NA
6470;1;"Norwegian University of Science and Technology";"ntnu.no";NA;NA
8205;1;"Yildirim Beyazit University";"ybu.edu.tr";NA;NA
2718;1;"Universidad de Nariño";"udenar.edu.co";NA;NA
9430;1;"Rose State College";"rose.edu";NA;NA
4287;1;"Universitas Mahendradatta";"mahendradatta.org";NA;NA
1353;1;"Universidad Argentina de la Empresa";"uade.edu.ar";NA;NA
5555;1;"Daejeon Theological University";"daejeon.ac.kr";NA;NA
8552;1;"Universidad de Los Andes";"ula.ve";NA;NA
2838;1;"Universidad de Holguín";"uho.edu.cu";NA;NA
6641;1;"Universidad Latinoamericana de Ciencia y Tecnologia, Panamá";"ulacit.ac.pa";NA;NA
268;1;"Central College";"central.edu";NA;NA
9068;1;"Colby Community College";"colbycc.edu";NA;NA
1871;1;"Universidade Federal do Pará";"ufpa.br";NA;NA
5818;1;"Al Imam Al-Ouzai University";"wakf.org";NA;NA
7875;1;"Université de Neuchâtel";"unine.ch";NA;NA
3638;1;"Technische Universität Darmstadt";"tu-darmstadt.de";NA;NA
3761;1;"Technological Education Institute of Kavala";"teikav.edu.gr";NA;NA
8934;1;"Pikes Peak Community College";"ppcc.edu";NA;NA
5174;1;"Osaka Institute of Technology";"oit.ac.jp";NA;NA
7832;1;"Business and Hotel Management School";"bhms.ch";NA;NA
1877;1;"Universidade Federal do Rio Grande do Sul";"ufrgs.br";NA;NA
626;1;"Missouri Southern State College";"mssc.edu";NA;NA
9414;1;"Ohio State University Agricultural Technical Institute";"ati.osu.edu";NA;NA
2863;1;"Academy of Performing Arts, Film and TV Fakulty";"famu.cz";NA;NA
8328;1;"Khalifa University";"kustar.ac.ae";NA;NA
3794;1;"Universidad Panamericana";"upana.edu.gt";NA;NA
5434;1;"Kazakh British Technical University";"kbtu.kz";NA;NA
6879;1;"Agricultural University of Wroclaw";"ar.wroc.pl";NA;NA
6808;1;"University of the Cordilleras";"uc-bcf.edu.ph";NA;NA
4471;1;"Shahid Chamran University of Ahvaz";"scu.ac.ir";NA;NA
674;1;"North Carolina Central University";"nccu.edu";NA;NA
9310;1;"Finger Lakes Community College";"flcc.edu";NA;NA
3152;1;"Ecole Supérieure de Chimie Physique Electronique de Lyon";"cpe.fr";NA;NA
5463;1;"Jaramogi Oginga Odinga University of Science and Technology";"jooust.ac.ke";NA;NA
2719;1;"Corporación Universitaria de Santander (UDES)";"udes.edu.co";NA;NA
8989;1;"Honolulu Community College";"honolulu.hawaii.edu";NA;NA
5086;1;"Kyushu University";"kyushu-u.ac.jp";NA;NA
79;1;"University of La Verne";"laverne.edu";NA;NA
8983;1;"Southern Crescent Technical College";"sctech.edu";NA;NA
514;1;"Johnson C. Smith University";"jcsu.edu";NA;NA
6527;1;"The Global College Lahore";"global.edu.pk";NA;NA
6657;1;"Universidad Autónoma de Asunción";"uaa.edu.py";NA;NA
989;1;"University of Dallas";"udallas.edu";NA;NA
295;1;"Clinch Valley College";"clinch.edu";NA;NA
1236;1;"Wright State University";"wright.edu";NA;NA
123;1;"Stratford University";"stratford.edu";NA;NA
2921;1;"Ross University Caribbean School of Medicine";"rossu.edu";NA;NA
4077;1;"University of Lucknow";"lucknowuniv.org";NA;NA
8334;1;"Skyline University College, Sharjah";"skylineuniversity.com";NA;NA
5079;1;"Kyoto Sangyo University";"kyoto-su.ac.jp";NA;NA
7247;1;"Linguistic University of Nizhny Novgorod";"lunn.sci-nnov.ru";NA;NA
9359;1;"Haywood Community College";"haywood.edu";NA;NA
1976;1;"National Academy of Arts";"nha-bg.org";NA;NA
4551;1;"Ilam University of Medical Sciences";"medilam.hbi.ir";NA;NA
1056;1;"University of New Orleans";"uno.edu";NA;NA
3164;1;"Ecole Centrale de Lyon";"ec-lyon.fr";NA;NA
379;1;"Eastern Washington University";"ewu.edu";NA;NA
4601;1;"Shahid Rajaee Teacher Training University";"srttu.edu";NA;NA
4097;1;"Mahatma Phule Agricultural University";"mpkv.mah.nic.in";NA;NA
9639;1;"Southwest Wisconsin Technical College";"swtc.edu";NA;NA
3910;1;"Dr. Babasaheb Ambedkar Marathwada Universtiy";"bamu.net";NA;NA
6584;1;"Riphah International Univeristy";"riphah.edu.pk";NA;NA
2606;1;"Wudanshan Taoist College";"wdsdjxy.com";NA;NA
1768;1;"Universidad Privada de Santa Cruz de la Sierra";"upsa.edu.bo";NA;NA
3362;1;"Université de Poitiers";"univ-poitiers.fr";NA;NA
5583;1;"Hanyang University";"hanyang.ac.kr";NA;NA
4747;1;"Free University Institute \"Carlo Cattaneo\"";"liuc.it";NA;NA
6856;1;"AGH University of Science and Technology";"agh.edu.pl";NA;NA
3465;1;"Fachhochschule Dortmund";"fh-dortmund.de";NA;NA
4411;1;"Universitas Sriwijaya";"unsri.ac.id";NA;NA
1650;1;"University of the West Indies, Cave Hill";"uwichill.edu.bb";NA;NA
9070;1;"Dodge City Community College";"dc3.edu";NA;NA
9175;1;"Wayne County Community College District";"wcccd.edu";NA;NA
534;1;"Lake Forest College";"lfc.edu";NA;NA
3848;1;"University Medical School of Debrecen";"dote.hu";NA;NA
3878;1;"University of Iceland";"hi.is";NA;NA
169;2;"Augusta University";"augusta.edu";"gru.edu";NA
8520;1;"Management Development Institute of Singapore, Tashkent";"mdis.uz";NA;NA
859;1;"St. Ambrose University";"sau.edu";NA;NA
7820;1;"Mid-Sweden University";"miun.se";NA;NA
5474;1;"Maseno University";"maseno.ac.ke";NA;NA
134;1;"Alamo Colleges";"aloma.edu";NA;NA
820;1;"Sewanee, University of the South";"sewanee.edu";NA;NA
2227;1;"Universidad de Antofagasta";"uantof.cl";NA;NA
3001;1;"Cairo University";"cu.edu.eg";NA;NA
9686;1;"Lenoir-Rhyne University";"lr.edu";NA;NA
8407;1;"International Colleges of Islamic Science";"islamiccolleges.com";NA;NA
6847;1;"West Visayas State University";"wvsu.edu.ph";NA;NA
5361;1;"Ueno Gakuen College";"uenogakuen.ac.jp";NA;NA
6650;1;"West Coast University (WCU)";"westcoastuniversity-edu.com";NA;NA
4847;1;"Ashikaga Institute of Technology";"ashitech.ac.jp";NA;NA
2356;1;"Dalian University of Foreign Language";"dlufl.edu.cn";NA;NA
7580;1;"Technical University in Kosice";"tuke.sk";NA;NA
8114;1;"Université de Gabès";"univgb.rnu.tn";NA;NA
8519;1;"International Business School Kelajak ILMI";"ibs.uz";NA;NA
4822;1;"University of Verona";"univr.it";NA;NA
7520;1;"College of Technology at Jazan";"tnmeyah.net";NA;NA
1730;1;"Hogeschool voor Wetenschap & Kunst";"wenk.be";NA;NA
4445;1;"Universitas Wisnuwardhana";"wisnuwardhana.ac.id";NA;NA
5302;1;"Tohoku Fukushi University";"tfu.ac.jp";NA;NA
5776;1;"Liepaja Pedagogical Higher School";"cs.lpu.lv";NA;NA
5952;1;"Olympia College";"olympia.edu.my";NA;NA
3276;1;"Institut National des Sciences Appliquées de Rennes";"insa-rennes.fr";NA;NA
2506;1;"Qingdao University of Science and Technology";"qust.edu.cn";NA;NA
861;1;"Stanford University";"stanford.edu";NA;NA
743;1;"Portland State University";"pdx.edu";NA;NA
9223;1;"Crowder College";"crowder.edu";NA;NA
2731;1;"Universidad Nacional Abierta y a Distancia";"unad.edu.co";NA;NA
8873;1;"Mendocino College";"mendocino.edu";NA;NA
291;1;"Clark University";"clarku.edu";NA;NA
5338;1;"Toyama University";"toyama-u.ac.jp";NA;NA
3177;1;"Ecole Nationale d'Administration";"ena.fr";NA;NA
3172;1;"Ecole des Ingénieurs de la Ville de Paris";"eivp-paris.fr";NA;NA
600;1;"Meredith College";"meredith.edu";NA;NA
5518;1;"Chongju University";"chongju.ac.kr";NA;NA
3299;1;"Ecole Polytechnique Universitaire de Lille";"polytech-lille.fr";NA;NA
4196;1;"South Asian University";"southasianuniversity.org";NA;NA
6813;1;"University of the East, Ramon Magsaysay Memorial Medical Center";"uerm.edu.ph";NA;NA
3077;1;"Assosa University";"asu.edu.et";NA;NA
2291;1;"Beijing Institute of Technology";"bit.edu.cn";NA;NA
272;1;"Central Washington University";"cwu.edu";NA;NA
6041;1;"El Colegio de México";"colmex.mx";NA;NA
3568;1;"Hochschule Harz, Hochschule für angewandte Wissenschaften (FH)";"hs-harz.de";NA;NA
4644;1;"Al Maarif University College";"auc-edu.org";NA;NA
8430;3;"University of Manchester";"manchester.ac.uk";"mbs.ac.uk";"man.ac.uk"
6005;1;"Universiti Tenaga Nasional";"uniten.edu.my";NA;NA
4758;1;"Fondazione Sacro Cuore";"sacrocuore.org";NA;NA
4482;1;"Golestan University of Medical Sciences";"goums.ac.ir";NA;NA
5602;1;"Inchon National University of Education";"inchon-e.ac.kr";NA;NA
1344;1;"Instituto Tecnológico de Buenos Aires";"itba.edu.ar";NA;NA
3497;1;"Fachhochschule Ludwigshafen, Hochschule für Wirtschaft";"fh-ludwigshafen.de";NA;NA
2604;1;"Urumqi Vocational University";"uvu.edu.cn";NA;NA
5013;1;"Keiwa College";"keiwa-c.ac.jp";NA;NA
3947;1;"Central Institute of Higher Tibetan Studies";"cihts.ac.in";NA;NA
723;1;"Palm Beach State College";"palmbeachstate.edu";NA;NA
1391;1;"Universidad Nacional del Centro de la Provincia de Buenos Aires";"unicen.edu.ar";NA;NA
3358;1;"Université René Descartes (Paris V)";"univ-paris5.fr";NA;NA
2369;1;"Foshan University";"fosu.edu.cn";NA;NA
1949;1;"Universidade Regional do Cariri";"urca.br";NA;NA
7917;1;"University of Kalamoon";"uok.edu.sy";NA;NA
6122;1;"Universidad Iberoamericana";"uia.mx";NA;NA
4095;1;"Motilal Nehru National Institute Of Technology";"mnnit.ac.in";NA;NA
4440;1;"Universitas Widya Gama Malang";"widyagama.ac.id";NA;NA
5939;1;"Limkokwing University College of Creative Technology";"limkokwing.edu.my";NA;NA
3607;1;"Pädagogische Hochschule Schwäbisch Gmünd";"ph-gmuend.de";NA;NA
6000;1;"Universiti Malaysia Sarawak";"unimas.my";NA;NA
2855;1;"Near East University";"neu.edu.tr";NA;NA
4563;1;"Persian Gulf University";"pgu.ac.ir";NA;NA
4337;1;"Universitas Kristen Krida Wacana";"ukrida.ac.id";NA;NA
4965;1;"Kyushu Sangyo University";"ip.kyusan-u.ac.jp";NA;NA
4509;1;"Islamic Azad University, Shahrood";"iau-shahrood.ac.ir";NA;NA
7060;1;"Universidad de Puerto Rico";"upr.clu.edu";NA;NA
1343;1;"Instituto Universitario de Estudios Navales y Marítimos";"inun.edu.ar";NA;NA
7652;2;"Universidad del País Vasco";"ehu.es";"ehu.eus";NA
4718;1;"Acdemic Center for Law and Business";"clb.ac.il";NA;NA
9495;1;"Columbia State Community College";"columbiastate.edu";NA;NA
5983;1;"Taj International College";"taj.edu.my";NA;NA
1247;1;"Balkh University";"ba.edu.af";NA;NA
3406;1;"American International University West Africa";"aiu.edu.gm";NA;NA
2350;1;"China University of Political Science and Law";"cupl.edu.cn";NA;NA
3957;1;"Konkan Agricultural University";"dbskkv.org";NA;NA
4162;1;"Ranchi University";"ranchiuniversity.org.in";NA;NA
5515;2;"Chinju National University of Education";"chinju-e.ac.kr";"cue.ac.kr";NA
5654;1;"Korea Nazarene University";"kornu.ac.kr";NA;NA
953;1;"University of Alabama at Birmingham";"uab.edu";NA;NA
5859;1;"University for Information Science and Technology  \"St. Paul The Apostle\"";"uist.edu.mk";NA;NA
768;1;"Ripon College";"ripon.edu";NA;NA
3966;1;"Dr. D.Y. Patil University";"dypatiluniversity.org";NA;NA
6742;1;"Arellano University";"arellano.edu.ph";NA;NA
2639;1;"Yangtze University";"yangtzeu.edu.cn";NA;NA
9044;1;"Spoon River College";"src.edu";NA;NA
4712;1;"JCT Lev Academic Center";"jct.ac.il";NA;NA
357;1;"Dickinson College";"dickinson.edu";NA;NA
2899;1;"Technical University of Denmark";"dtu.dk";NA;NA
7401;1;"Ulyanovsk State Pedagogical University";"ulspu.ru";NA;NA
6465;1;"Norwegian University of Sport and Physical Education";"nih.no";NA;NA
163;1;"Assumption College";"assumption.edu";NA;NA
6393;1;"Kogi State University";"ksuportal.edu.ng";NA;NA
2178;1;"University of Ontario Institute of Technology";"uoit.ca";NA;NA
575;1;"Macalester College";"macalester.edu";NA;NA
2177;1;"University of Guelph";"uoguelph.ca";NA;NA
8646;1;"Catholic University in Zimbabwe";"cuz.ac.zw";NA;NA
9650;1;"Western Wyoming Community College";"wwcc.wy.edu";NA;NA
4502;1;"Islamic Azad University, Mehriz";"iaumehriz.com";NA;NA
2383;1;"Guangxi University";"gxu.edu.cn";NA;NA
7750;1;"Sri Lanka Institute of Advanced Technical Education";"sliate.net";NA;NA
5497;1;"United States International University";"usiu.ac.ke";NA;NA
1262;1;"Kardan University";"kardan.edu.af";NA;NA
8901;1;"San Diego Mesa College";"sdmesa.edu";NA;NA
9030;1;"Moraine Valley Community College";"morainevalley.edu";NA;NA
7306;1;"Oriental University";"orun.ru";NA;NA
8684;1;"Hakkari University";"hakkari.edu.tr";NA;NA
3752;1;"National Technical University of Athens";"ntua.gr";NA;NA
1764;1;"Universidad Nacional Siglo XX Llallagua";"unsxx.edu.bo";NA;NA
6951;1;"University of Wamia and Masuria in Olsztyn";"uwm.edu.pl";NA;NA
6121;1;"Universidad de Guanajuato";"ugto.mx";NA;NA
4857;1;"Beppu University";"beppu-u.ac.jp";NA;NA
2484;1;"Nanjing University of Traditional Chinese Medicine";"njutcm.edu.cn";NA;NA
5347;1;"Tohoku University of Art and Design";"tuad.ac.jp";NA;NA
2185;1;"Université du Québec en Outaouais";"uqo.ca";NA;NA
5577;1;"Hankuk Aviation University";"hangkong.ac.kr";NA;NA
1751;1;"Universidad Católica Boliviana, Cochabamba";"ucbcba.edu.bo";NA;NA
6672;1;"Universidad San Ignacio de Loyola";"sil.edu.pe";NA;NA
745;1;"Pratt Institute";"pratt.edu";NA;NA
1086;1;"University of Science & Arts of Oklahoma";"usao.edu";NA;NA
2962;1;"Universidad Catolica de Azogues";"ucaazo.edu.ec";NA;NA
7467;1;"University of San Marino";"unirsm.sm";NA;NA
3257;1;"Ecole Universitaire d'Ingénieurs de Lille";"eudil.fr";NA;NA
8626;1;"Queen Arwa University";"arwauniversity.org";NA;NA
8050;1;"Khon Kaen University";"kku.ac.th";NA;NA
8127;1;"Istanbul Arel University";"arel.edu.tr";NA;NA
9180;1;"Central Lakes College-​Brainerd";"www.clcmn.edu";NA;NA
1241;1;"Youngstown State University";"ysu.edu";NA;NA
4887;1;"Dokkyo University School of Medicine";"dokkyomed.ac.jp";NA;NA
7078;1;"University of Medicine and Pharmacology of Oradea";"oradeauniversity.com";NA;NA
2074;1;"British Columbia Open University";"bcou.ca";NA;NA
7125;1;"University of Targu Jiu";"utgjiu.ro";NA;NA
7220;1;"Immanuel Kant State University of Russia";"kantiana.ru";NA;NA
2;1;"Cégep de Saint-Jérôme";"cstj.qc.ca";NA;NA
6295;1;"Saxion Universities";"saxion.edu";NA;NA
176;1;"Azusa Pacific University";"apu.edu";NA;NA
2421;1;"Harbin Medical University";"hrbmu.edu.cn";NA;NA
5215;1;"Rissho University";"ris.ac.jp";NA;NA
1357;1;"Universidad de Belgrano";"ub.edu.ar";NA;NA
297;1;"Coast Colleges";"cccd.edu";NA;NA
637;1;"Montgomery College";"montgomerycollege.edu";NA;NA
88;1;"National Park College";"np.edu";NA;NA
7995;1;"Tunghai University";"thu.edu.tw";NA;NA
9401;1;"Clark State Community College";"clarkstate.edu";NA;NA
5385;1;"Yamanashi Medical University";"yamanashi-med.ac.jp";NA;NA
8437;1;"Newport International University";"niu.org.uk";NA;NA
3768;1;"Technological Education Institute of Serres";"teiser.gr";NA;NA
5291;1;"Tama Art University";"tamabi.ac.jp";NA;NA
7187;1;"St. Petersburg State Mountain Institut";"gorny-ins.ru";NA;NA
993;1;"University of Detroit Mercy";"udmercy.edu";NA;NA
1733;1;"Greenford International University";"giuedu.bz";NA;NA
3463;1;"Technische Hochschule Brandenburg";"th-brandenburg.de";NA;NA
1100;1;"University of Tennessee at Chattanooga";"utc.edu";NA;NA
4083;1;"Moulana Azad national Urdu University";"manuu.ac.in";NA;NA
7001;1;"Instituto Politécnico de Viana do Castelo";"ipvc.pt";NA;NA
8916;1;"Taft College";"taftcollege.edu";NA;NA
5349;1;"Tokyo University of Foreign Studies";"tufs.ac.jp";NA;NA
2690;1;"Centro de Estudios Investigación y Tecnología (CEIT)";"iceit.edu.co";NA;NA
3189;1;"Ecole Nationale Supérieure d'Agronomie et des Industries Alimentaires";"ensaia.u-nancy.fr";NA;NA
5311;1;"Tohoku University";"tohoku.ac.jp";NA;NA
8454;3;"Royal Holloway and Bedford New College";"royalholloway.ac.uk";"rhbnc.ac.uk";"rh.ac.uk"
3414;1;"Georgian Technical University";"gtu.edu.ge";NA;NA
368;1;"Duquesne University";"duq.edu";NA;NA
3979;1;"Gujarat University Ahmedabad";"gujaratuniversity.org.in";NA;NA
6204;1;"University of the Humanities";"humanities.mn";NA;NA
8835;1;"Contra Costa College";"contracosta.edu";NA;NA
2910;1;"Royal Danish Academy of Fine Arts, School of Visual Art";"kunstakademiet.dk";NA;NA
2040;1;"Cambodia University of Specialties";"cus.edu.kh";NA;NA
34;1;"King University";"king.edu";NA;NA
4639;1;"Zanjan University of Medical Sciences";"zums.ac.ir";NA;NA
1643;1;"University of Asia Pacific, Dhanmondi";"uap-bd.edu";NA;NA
9280;1;"Salem Community College";"salemcc.edu";NA;NA
7932;1;"Chao Yang University of Science and Technology";"cyut.edu.tw";NA;NA
7332;1;"Siberian Academy of Public Services";"sapanet.ru";NA;NA
7005;1;"Instituto Superior de Ciências Empresariais e de Turismo";"iscet.pt";NA;NA
7940;1;"Kaohsiung Medical College";"kmc.edu.tw";NA;NA
666;1;"New York Institute of Technology";"nyit.edu";NA;NA
5599;1;"International University of Korea";"iuk.ac.kr";NA;NA
7213;1;"Yaroslavl International University of Business and New Technologies";"iubnt.yar.ru";NA;NA
8475;1;"Staffordshire University";"staffs.ac.uk";NA;NA
9613;1;"Wenatchee Valley College";"wvc.edu";NA;NA
1585;1;"Bangabandhu Sheikh Mujibur Rahman Agricultural University";"bsmrau.edu.bd";NA;NA
1397;1;"Universidad Nacional de La Matanza";"unlam.edu.ar";NA;NA
3262;1;"Ecole des Hautes Etudes Commerciales";"hec.fr";NA;NA
843;1;"Southern Nazarene University";"snu.edu";NA;NA
1421;1;"Universidad Torcuato di Tella";"utdt.edu";NA;NA
8955;1;"Hillsborough Community College";"hccfl.edu";NA;NA
6810;1;"University of the East, Coloocan";"ue.edu.ph";NA;NA
7420;1;"Ural State University of Economics";"usue.ru";NA;NA
6703;1;"Universidad Nacional Jorge Basadre Grohmann";"unjbg.edu.pe";NA;NA
8492;1;"University of East London";"uel.ac.uk";NA;NA
2764;1;"Universidad Sergio Arboleda";"usergioarboleda.edu.co";NA;NA
8662;1;"Aksaray University";"aksaray.edu.tr";NA;NA
7474;1;"Buraydah College for Applied Medical Sciences";"bpc.edu.sa";NA;NA
4699;1;"National College of Ireland";"ncirl.ie";NA;NA
9006;1;"City Colleges of Chicago-​Wilbur Wright College";"ccc.edu";NA;NA
1906;1;"Universidade Cidade de São Paulo";"unicid.br";NA;NA
7323;1;"Rostov State Medical University";"rsmu.da.ru";NA;NA
32;1;"Eastern Florida State College";"easternflorida.edu";NA;NA
8757;1;"Calhoun Community College";"calhoun.edu";NA;NA
9019;1;"John Wood Community College";"jwcc.edu";NA;NA
3605;1;"Pädagogische Hochschule Erfurt/Mühlhausen";"ph-erfurt.de";NA;NA
1712;1;"Katholieke Universiteit Leuven";"kuleuven.ac.be";NA;NA
6343;1;"Abia State University";"absu.edu.ng";NA;NA
2337;1;"Central South University";"csu.edu.cn";NA;NA
602;1;"Metropolitan Community College (MO)";"mcckc.edu";NA;NA
3563;1;"Hochschule Bremerhaven";"hs-bremerhaven.de";NA;NA
4250;1;"Uttar Pradesh Technical University";"uptu.ac.in";NA;NA
525;1;"Kent State University";"kent.edu";NA;NA
9561;1;"Victoria College";"victoriacollege.edu";NA;NA
6851;1;"Fine Arts Academy \"Jan Matejko\" in Cracow";"asp.krakow.pl";NA;NA
3919;1;"Bangalore University";"bengaluruuniversity.com";NA;NA
8183;1;"Mustafa Kemal University";"mku.edu.tr";NA;NA
7897;1;"PHSZ - University of Teacher Education Schwyz";"phsz.ch";NA;NA
681;2;"Northeastern University";"neu.edu";"northeastern.edu";NA
8953;1;"Delaware Technical Community College-​Terry";"dtcc.edu";NA;NA
1960;1;"University of Brunei Darussalam";"ubd.edu.bn";NA;NA
9241;1;"Dawson Community College";"dawson.edu";NA;NA
6840;1;"University of Southern Mindanao";"usm.edu.ph";NA;NA
1833;1;"Faculdades Integradas Toledo";"toledo.br";NA;NA
3442;1;"Evangelische Fachhochschule Hannover";"efh-hannover.de";NA;NA
700;1;"Ohio Dominican College";"odc.edu";NA;NA
2260;1;"Universidad Nacional Andrés Bello";"unab.cl";NA;NA
8967;1;"Chattahoochee Technical College";"chattahoocheetech.edu";NA;NA
7941;1;"Kung Shan Institute of Technology";"ksit.edu.tw";NA;NA
7752;1;"Uva Wellassa University";"uwu.ac.lk";NA;NA
4615;1;"University of Applied Science and Technology";"uast.ac.ir";NA;NA
3526;1;"Fachhochschule Schwäbisch Hall, Hochschule für Gestaltung";"fh-schwaebischhall.de";NA;NA
3569;1;"Hochschule Magdeburg-Stendal (FH)";"hs-magdeburg.de";NA;NA
4954;1;"Hokusei Gakuen University";"hokusei.ac.jp";NA;NA
3503;1;"Fachhochschule München";"fh-muenchen.de";NA;NA
4828;1;"Aichi Bunkyo University";"abu.ac.jp";NA;NA
4068;1;"Kerala University of Fisheries and Ocean Sciences";"kufos.ac.in";NA;NA
5116;1;"Musashino Academy of Music";"musashino-music.ac.jp";NA;NA
5399;1;"Al-Ahliyya Amman University";"ammanu.edu.jo";NA;NA
5548;1;"Daegu Arts University";"tau.ac.kr";NA;NA
8715;1;"Fatih Sultan Mehmet University";"fatihsultan.edu.tr";NA;NA
2857;1;"University of Cyprus";"ucy.ac.cy";NA;NA
3928;1;"Birla Institute of Technology and Science";"bits-pilani.ac.in";NA;NA
8099;1;"University of the Southern Caribbean";"usc.edu.tt";NA;NA
1158;1;"Virginia Military Institute";"vmi.edu";NA;NA
504;1;"Jackson State University";"jsums.edu";NA;NA
4680;1;"University of Kufa";"uokufa.edu.iq";NA;NA
8701;1;"Osmaniye Korkut Ata University";"osmaniye.edu.tr";NA;NA
119;1;"Morehead State University";"moreheadstate.edu";NA;NA
750;1;"Purdue University";"purdue.edu";NA;NA
8942;1;"Manchester Community College";"mcc.commnet.edu";NA;NA
8249;1;"Petro Mohyla Black Sea State University";"kma.mk.ua";NA;NA
4226;1;"Gandhigram Rural Institute";"tnuniv.ac.in";NA;NA
3655;1;"Philosophisch-Theologisches Studium Erfurt, Staatlich anerkannte Wissenschaftliche Hochschule";"uni-erfurt.de";NA;NA
6911;1;"Polish-Japanese Institute of Information Technology in Warsaw";"pjwstk.edu.pl";NA;NA
9246;1;"Little Big Horn College";"lbhc.edu";NA;NA
3354;1;"Université Val-de-Marne (Paris XII)";"univ-paris12.fr";NA;NA
8579;1;"Danang College Of Technology";"dct.udn.vn";NA;NA
8691;1;"Izmir Katip celebi University";"ikc.edu.tr";NA;NA
648;1;"Muskingum College";"muskingum.edu";NA;NA
1591;1;"City University";"cityuniversity.edu.bd";NA;NA
6359;1;"Bauchi State University, Gadau";"basug.edu.ng";NA;NA
7178;1;"European University at St.Petersburg";"eu.spb.ru";NA;NA
2300;1;"Beijing Language and Culture University";"blcu.edu.cn";NA;NA
2247;1;"Universidad Diego Portales";"udp.cl";NA;NA
4659;1;"Al Nahrain University";"nahrainuniv.edu.iq";NA;NA
8996;1;"Eastern Idaho Technical College";"eitc.edu";NA;NA
1107;1;"University of Texas at El Paso";"utep.edu";NA;NA
7762;1;"Canadian Sudanese College";"ccs.edu.sd";NA;NA
3017;1;"Military Technical College";"mtc.edu.eg";NA;NA
7793;1;"University of Swaziland";"uniswa.sz";NA;NA
8159;1;"Halic University";"halic.edu.tr";NA;NA
3448;1;"Europa-Universität Viadrina Frankfurt (Oder)";"euv-frankfurt-o.de";NA;NA
7105;1;"University \"Transilvany\" of Brasov";"unitbv.ro";NA;NA
2402;1;"Henan Normal University";"henannu.edu.cn";NA;NA
6746;1;"Bicol University";"bicol-u.edu.ph";NA;NA
4347;1;"Universitas Muhammadiyah Yogyakarta";"umy.ac.id";NA;NA
151;1;"Antioch University";"antioch.edu";NA;NA
3003;1;"Damietta University";"du.edu.eg";NA;NA
8544;1;"Universidad de Carabobo";"uc.edu.ve";NA;NA
2003;1;"Technological University (Dawei)";"most.gov.mm";NA;NA
8223;1;"Mutesa 1 Royal University";"mru.ac.ug";NA;NA
2648;1;"Yantai Education Institute & Yantai Television University";"ytet.edu.cn";NA;NA
2390;1;"Guizhou University";"gzu.edu.cn";NA;NA
1865;1;"Universidade Federal de Lavras";"ufla.br";NA;NA
1925;1;"Centro Universitário de João Pessoa";"unipe.br";NA;NA
2865;1;"Mendel University of Agriculture and Forestry";"mendelu.cz";NA;NA
2570;1;"Shanxi University";"sxu.edu.cn";NA;NA
4524;1;"Iran University of Science and Technology Tehran";"iust.ac.ir";NA;NA
8500;1;"University of the West of England, Bristol";"uwe.ac.uk";NA;NA
2355;1;"Dalian University";"dlu.edu.cn";NA;NA
5043;1;"Komazawa University";"komazawa-u.ac.jp";NA;NA
1910;1;"Universidade Salvador";"unifacs.br";NA;NA
8211;1;"Aga Khan University";"aku.edu";NA;NA
1117;2;"University of the Pacific";"uop.edu";"pacific.edu";NA
4217;1;"Tezpur University";"tezu.ernet.in";NA;NA
914;1;"Texas A&M University - Corpus Christi";"tamucc.edu";NA;NA
1654;1;"Belarussian State University of Transport";"belsut.gomel.by";NA;NA
201;1;"Black Hills State University";"bhsu.edu";NA;NA
4689;1;"Dublin City University";"dcu.ie";NA;NA
22;1;"College of Mount Saint Vincent";"mountsaintvincent.edu";NA;NA
2527;1;"Southeast University";"seu.edu.cn";NA;NA
2205;1;"King's College";"uwo.ca";NA;NA
2456;1;"Liaoning Technical University";"lntu.edu.cn";NA;NA
6108;1;"Universidad de Colima";"ucol.mx";NA;NA
6802;1;"Southwestern University";"swu.edu.ph";NA;NA
4703;1;"Shannon College of Hotel Management";"shannoncollege.com";NA;NA
4327;1;"Universitas Gadjah Mada";"ugm.ac.id";NA;NA
7593;1;"University of Performing Arts in Bratislava";"vsmu.sk";NA;NA
7021;1;"Universidade da Beira Interior";"ubi.pt";NA;NA
9057;1;"Northeast Iowa Community College";"nicc.edu";NA;NA
5235;1;"Sendai University";"sendaidaigaku.jp";NA;NA
3160;1;"Ecole Catholique d'Arts & Metiers";"ecam.fr";NA;NA
7255;1;"Moscow State University of Economics, Statistics and Informatics";"mesi.ru";NA;NA
6483;1;"Muscat College";"muscatcollege.edu.om";NA;NA
7464;1;"Trinity University School of Medicine";"tusom.org";NA;NA
2343;1;"Capital University of Economics and Business";"cueb.edu.cn";NA;NA
1823;1;"Pontifícia Universidade Católica de Minas Gerais";"pucminas.br";NA;NA
7549;1;"Privredna Akademija (Business Academy)";"privrednaakademija.edu.rs";NA;NA
3302;1;"Schiller International University, Paris";"schillerparis.com";NA;NA
9208;1;"Coahoma Community College";"coahomacc.edu";NA;NA
4118;1;"National Institute of Technology Calicut";"nitc.ac.in";NA;NA
8292;1;"National University of Internal Affairs";"univd.edu.ua";NA;NA
1146;1;"Valdosta State University";"valdosta.edu";NA;NA
9470;1;"Community College of Rhode Island";"ccri.edu";NA;NA
3081;1;"Dire Dawa University";"ddu.edu.et";NA;NA
1849;1;"Universidade do Estado do Rio de Janeiro";"uerj.br";NA;NA
1026;1;"University of Maryland, College Park";"umd.edu";NA;NA
5979;1;"Saito College";"saito.edu.my";NA;NA
5197;1;"Osaka University of Economics";"osaka-ue.ac.jp";NA;NA
5839;1;"Military academy of Lithuania";"lka.lt";NA;NA
7476;1;"College of Busniess Admnistration";"cba.edu.sa";NA;NA
6450;1;"Western Delta University";"wdu.edu.ng";NA;NA
4237;1;"Uttarakhand Technical University";"uktech.ac.in";NA;NA
6399;1;"Kwara State University";"kwasu.edu.ng";NA;NA
6962;1;"Gdynia Maritime Academy";"wsm.gdynia.pl";NA;NA
7624;1;"University of Stellenbosch";"sun.ac.za";NA;NA
6673;1;"Universidad Andina Nestor Caceares Velasquez";"uancv.edu.pe";NA;NA
9317;1;"Mohawk Valley Community College";"mvcc.edu";NA;NA
629;1;"Molloy College";"molloy.edu";NA;NA
7772;1;"University of Kordofan";"kordofan.edu.sd";NA;NA
4580;1;"Sadra University";"sadra.ac.ir";NA;NA
9626;1;"Blackhawk Technical College";"blackhawk.edu";NA;NA
2671;1;"Conservatorio del Tolima";"bundenet.com";NA;NA
8612;1;"Thai Nguyen University of Agriculture and Forestry";"tuaf.edu.vn";NA;NA
8175;1;"Necmettin Erbakan University";"konya.edu.tr";NA;NA
1693;1;"EHSAL - Europese Hogeschool Brussel";"ehsal.be";NA;NA
7800;1;"Gotland University College";"hgo.se";NA;NA
3975;1;"Gurukula Kangri University";"gkvharidwar.org";NA;NA
1909;1;"Universidade para o Desenvolvimento do Alto Vale do Itajaí";"unidavi.rct-sc.br";NA;NA
691;1;"Northwestern University";"northwestern.edu";NA;NA
1639;1;"Sylhet International University";"siu.edu.bd";NA;NA
6167;1;"Universidad Popular Autonóma del Estado de Puebla";"upaep.mx";NA;NA
8521;1;"Nukus State Teachers Training Institute";"ndpi.uz";NA;NA
4334;1;"Universitas Kristen Duta Wacana";"ukdw.ac.id";NA;NA
493;1;"Indiana University of Pennsylvania";"iup.edu";NA;NA
220;1;"Broward College";"broward.edu";NA;NA
277;1;"Chatham College";"chatham.edu";NA;NA
996;1;"University of Florida";"ufl.edu";NA;NA
4474;1;"Deylaman Institute of Higher Education";"deylaman.ac.ir";NA;NA
2682;1;"Escuela de Ingeniería de Antioquia";"eia.edu.co";NA;NA
7767;1;"University of Gadarif";"gaduniv.edu.sd";NA;NA
3074;1;"Ambo University";"ambou.edu.et";NA;NA
8573;1;"Universidad Santa Maria Caracas";"usm.trompo.com";NA;NA
2526;1;"Shandong University of Technology";"sdut.edu.cn";NA;NA
7054;1;"Universidad Central de Bayamón";"ucb.edu.pr";NA;NA
3359;1;"Université Vincennes Saint-Denis (Paris VIII)";"univ-paris8.fr";NA;NA
6630;1;"Al-Quds Open University";"qou.edu";NA;NA
2772;1;"Université Catholique de Bukavu";"ucbukavu.ac.cd";NA;NA
1590;1;"Bangladesh University of Textiles";"butex.edu.bd";NA;NA
4469;1;"Bushehr University of Medical Sciences";"bpums.ac.ir";NA;NA
3872;1;"University of Debrecen";"unideb.hu";NA;NA
6821;1;"University of Manila";"univman.edu.ph";NA;NA
4948;1;"Hokkaigakuen University of Kitami";"hokkai-k-u.ac.jp";NA;NA
2268;1;"Universidad de Playa Ancha de Ciencias de la Educacion";"upa.cl";NA;NA
2398;1;"Hebei Medical University";"hebmu.edu.cn";NA;NA
557;1;"Loma Linda University";"llu.edu";NA;NA
5786;1;"Police Academy of Latvia";"polak.edu.lv";NA;NA
594;1;"Medical College of Georgia";"mcg.edu";NA;NA
7382;1;"Tomsk State Pedagogical University";"tspu.edu.ru";NA;NA
5326;1;"Tokushima University";"tokushima-u.ac.jp";NA;NA
1791;1;"Botswana International University of Science & Technology";"biust.ac.bw";NA;NA
1541;1;"Azerbaijan University";"au.edu.az";NA;NA
168;1;"Augustana College (SD)";"augie.edu";NA;NA
9145;1;"Roxbury Community College";"rcc.mass.edu";NA;NA
6325;1;"Universidad Centroamericana de Ciencias Empresariales (UCEM)";"ucem.edu.ni";NA;NA
3097;1;"Wolaita Sodo University";"wsu.edu.et";NA;NA
3012;1;"Menoufia University";"menofia.edu.eg";NA;NA
9;1;"Tusculum College";"tusculum.edu";NA;NA
8290;1;"National University of Kiev-Mohyla Academy";"ukma.kiev.ua";NA;NA
5083;1;"Kyushu Kyoritsu University";"kyukyo-u.ac.jp";NA;NA
857;1;"Spring Arbor College";"arbor.edu";NA;NA
8004;1;"National Yunlin University of Science and Technology";"yuntech.edu.tw";NA;NA
4691;1;"Dublin Institute of Technology";"dit.ie";NA;NA
3134;1;"University of Tampere";"uta.fi";NA;NA
1230;1;"Winona State University";"winona.edu";NA;NA
1658;1;"Belarusian-Russian University";"bru.mogilev.by";NA;NA
6782;1;"New Era University";"neu.edu.ph";NA;NA
1409;1;"Universidad Nacional de Quilmes";"unq.edu.ar";NA;NA
9385;1;"Surry Community College";"surry.edu";NA;NA
7290;1;"Nizhny Novgorod State Architectural - Building University";"ngasu.sci-nnov.ru";NA;NA
5593;1;"Handong Global University";"handong.edu";NA;NA
2491;1;"Northwest A&F University";"nwau.edu.cn";NA;NA
4800;1;"University of Pavia";"unipv.it";NA;NA
4925;1;"Hakuoh University";"hakuoh.ac.jp";NA;NA
5647;1;"Korea Aerospace University";"kau.ac.kr";NA;NA
2099;1;"Emily Carr Institute of Art + Design";"eciad.bc.ca";NA;NA
5797;1;"Arts, Sciences and Technology University";"aul.edu.lb";NA;NA
1064;1;"University of Northern Iowa";"uni.edu";NA;NA
7448;1;"Institut d'Agriculture, de Technologie et d'Education de Kibungo";"inatek.ac.rw";NA;NA
2378;1;"Gansu University of Technology";"gsut.edu.cn";NA;NA
106;1;"The Principia";"principia.edu";NA;NA
2149;1;"Sheridan College";"sheridancollege.ca";NA;NA
7879;1;"FHS St.Gallen";"fhsg.ch";NA;NA
7080;1;"University of Constanta Medical School";"ovidunivconstanta-edu.org";NA;NA
2448;1;"Jiangxi Normal University";"jxnu.edu.cn";NA;NA
2175;1;"University of New Brunswick, Saint John";"unbsj.ca";NA;NA
1990;1;"University of Plovdiv";"uni-plovdiv.bg";NA;NA
5200;1;"Otani University";"otani.ac.jp";NA;NA
5450;1;"Africa International University";"aiu.ac.ke";NA;NA
5634;2;"Kwangju University";"kwangju.ac.kr";"gwangju.ac.kr";NA
2008;1;"Technological University (Kyaing Tong)";"most.gov.mm";NA;NA
2005;1;"Technological University (Hmawbi)";"most.gov.mm";NA;NA
3716;1;"Ghana Telecom University College";"gtuc.edu.gh";NA;NA
8682;1;"Gulhane military medical Academy";"gata.edu.tr";NA;NA
459;1;"Hartwick College";"hartwick.edu";NA;NA
72;1;"University of Central Oklahoma";"uco.edu";NA;NA
4258;1;"Visva-Bharati University";"visva-bharati.ac.in";NA;NA
3290;1;"Institut des Sciences de la Matière et du Rayonnement";"ismra.fr";NA;NA
5001;1;"Kansai Gaidai University";"kansai-gaidai-u.ac.jp";NA;NA
7783;1;"Sinnar University";"sinnaruniv.edu.sd";NA;NA
4147;1;"Punjab Agricultural University";"pau.edu";NA;NA
5820;1;"University of Liberia";"universityliberia.org";NA;NA
8816;1;"Canada College";"canadacollege.edu";NA;NA
4909;1;"Fukuoka University";"fukuoka-u.ac.jp";NA;NA
1530;1;"Azerbaijan Diplomatic Academy";"ada.edu.az";NA;NA
2193;1;"St. Anne University";"ustanne.ednet.ns.ca";NA;NA
5984;1;"Tunku Abdul Rahman Chinese College";"tarc.edu.my";NA;NA
9597;1;"Clover Park Technical College";"cptc.edu";NA;NA
1094;1;"University of Southern Indiana";"usi.edu";NA;NA
8687;1;"Igdir University";"igdir.edu.tr";NA;NA
5289;1;"Takarazuka University of Art and Design";"takara-univ.ac.jp";NA;NA
7950;1;"National Chi Nan University";"ncnu.edu.tw";NA;NA
6302;1;"University of Twente";"utwente.nl";NA;NA
6943;1;"University of Gdansk";"univ.gda.pl";NA;NA
699;1;"Occidental College";"oxy.edu";NA;NA
1589;1;"Bangladesh University of Professionals";"bup.edu.bd";NA;NA
628;1;"Missouri Western State College";"mwsc.edu";NA;NA
264;1;"Castleton State University";"castleton.edu";NA;NA
5139;1;"Nippon Bunri University";"nbu.ac.jp";NA;NA
7568;1;"Armed Forces Academy of General Milan Rastislav Štefánik";"aos.sk";NA;NA
7890;1;"NTB - Hochschule für Technik Buchs";"ntb.ch";NA;NA
4555;1;"Islamic Azad University, Mashhad";"mshdiau.ac.ir";NA;NA
4388;1;"Universitas Lambung Mangkurat";"unlam.ac.id";NA;NA
589;1;"Mary Washington College";"mwc.edu";NA;NA
5636;2;"Kwangwoon University";"kwangwoon.ac.kr";"kw.ac.kr";NA
720;1;"Pacific University";"pacificu.edu";NA;NA
4603;1;"Sabzevar Teacher Training University";"sttu.ac.ir";NA;NA
8872;1;"Los Medanos College";"losmedanos.edu";NA;NA
6297;1;"Tilburg University";"tilburguniversity.nl";NA;NA
9637;1;"Northcentral Technical College";"ntc.edu";NA;NA
1557;1;"Police Academy";"pa.edu.az";NA;NA
6643;1;"Universidad Autonoma de Chiriqui";"unachi.ac.pa";NA;NA
7581;1;"Technical University in Zvolen";"tuzvo.sk";NA;NA
1498;1;"Fachhochschule St. Pölten";"fh-stpoelten.ac.at";NA;NA
1484;1;"University of Western Australia";"uwa.edu.au";NA;NA
4872;1;"Chiba Keizai University";"cku.ac.jp";NA;NA
2401;1;"Hebei University of Technology";"hebut.edu.cn";NA;NA
1901;1;"Universidade Católica Dom Bosco";"unibosco.br";NA;NA
6283;1;"Hogeschool van Amsterdam";"hva.nl";NA;NA
8155;1;"Gazi University Ankara";"gazi.edu.tr";NA;NA
1457;1;"Blue Mountains Hotel School";"hotelschool.com.au";NA;NA
2126;1;"Northern Lights College";"nlc.bc.ca";NA;NA
5726;1;"Taeshin Christian University";"taeshin.ac.kr";NA;NA
3772;1;"University of Central Greece";"ucg.gr";NA;NA
3058;1;"Universidad Nacional de Guinea Ecuatorial";"unge.gq";NA;NA
7788;1;"University of Gezira";"uofg.edu.sd";NA;NA
7238;1;"Karelian State Pedagogical University";"kspu.ptz.ru";NA;NA
2796;1;"Universidad Latina de Costa Rica";"ulatina.ac.cr";NA;NA
1072;1;"University of Phoenix";"phoenix.edu";NA;NA
1622;1;"Military Institute of Science and Technology";"mist.ac.bd";NA;NA
384;1;"Elizabeth City State University";"ecsu.edu";NA;NA
5427;1;"L.N. Gumilyov Eurasian National University";"enu.kz";NA;NA
8756;1;"J F Drake State Community and Technical College";"drakestate.edu";NA;NA
8678;1;"Duzce University";"duzce.edu.tr";NA;NA
1743;1;"Universidad Adventista de Bolivia";"uab.edu.bo";NA;NA
1792;1;"Botho University";"bothocollege.ac.bw";NA;NA
1349;1;"Universidad Maimónides";"maimonides.edu.ar";NA;NA
4413;1;"Universitas Syiah Kuala";"unsyiah.ac.id";NA;NA
2204;1;"Brescia University College";"uwo.ca";NA;NA
1930;1;"Universidade de Santo Amaro";"unisa.br";NA;NA
2531;1;"Shanghai Institue of Foreign Trade";"shift.edu.cn";NA;NA
4968;1;"Chiba Institute of Technology";"it-chiba.ac.jp";NA;NA
855;1;"Southwest Texas State University";"swt.edu";NA;NA
7899;1;"SUPSI - University of Applied Sciences Southern Switzerland";"supsi.ch";NA;NA
7502;1;"Knowledge College for Science and Technology";"mcst.edu.sa";NA;NA
5274;1;"Saitama Prefectural University";"spu.ac.jp";NA;NA
7850;1;"International School of Business Management";"isbm-school.com";NA;NA
9564;1;"Wharton County Junior College";"wcjc.edu";NA;NA
5614;1;"Kangnam University";"kangnam.ac.kr";NA;NA
6058;1;"Instituto Tecnologico de Minatitlan";"itmina.edu.mx";NA;NA
5718;1;"Shingyeong University";"sgu.ac.kr";NA;NA
3942;1;"Ch. Charan Singh University";"ccsuniversity.org";NA;NA
1031;2;"University of Massachusetts at Lowell";"uml.edu";"student.uml.edu";NA
8355;1;"University of Birmingham";"bham.ac.uk";NA;NA
2153;2;"St. Mary's University";"stmarys.ca";"smu.ca";NA
5632;1;"Kunsan National University";"kunsan.ac.kr";NA;NA
8470;1;"School of Oriental and African Studies, University of London";"soas.ac.uk";NA;NA
1235;1;"Worcester Polytechnic Institute";"wpi.edu";NA;NA
632;1;"Montana State University - Billings";"msubillings.edu";NA;NA
349;1;"Daytona State College";"daytonastate.edu";NA;NA
8813;1;"Berkeley City College";"berkeleycitycollege.edu";NA;NA
7759;1;"Bakht Er-Ruda University";"bakhtalruda.edu.sd";NA;NA
375;1;"Eastern Mennonite University";"emu.edu";NA;NA
2512;1;"South China Agricultural University";"scau.edu.cn";NA;NA
6018;1;"Wawasan Open University";"wou.edu.my";NA;NA
8697;1;"Mehmet Akif Ersoy University";"mehmetakif.edu.tr";NA;NA
5053;1;"Kurashiki Sakuyo University";"ksu.ac.jp";NA;NA
4089;1;"Maharaja Ganga Singh University, Bikaner";"mgsubikaner.ac.in";NA;NA
6492;1;"Aga Khan University";"aku.edu";NA;NA
7910;1;"Higher Institute of Business Administration";"hiba.edu.sy";NA;NA
7703;1;"Universidad Internacional de Andalucía, Sede La Rábida";"uniara.uia.es";NA;NA
8165;1;"Isik University";"isikun.edu.tr";NA;NA
766;1;"Richard Stockton College of New Jersey";"stockton.edu";NA;NA
9073;1;"Garden City Community College";"gcccks.edu";NA;NA
9184;1;"Hennepin Technical College";"hennepintech.edu";NA;NA
6551;1;"Karachi School of Art";"ksa.edu.pk";NA;NA
8997;1;"North Idaho College";"nic.edu";NA;NA
7778;1;"Open University of Sudan (OUS)";"ous.edu.sd";NA;NA
1316;1;"Université d'Oran Es-Senia";"univ-oran.dz";NA;NA
63;1;"NorthCap University";"ncuindia.edu";NA;NA
8384;2;"University of Essex";"essex.ac.uk";"sx.ac.uk";NA
59;1;"Columbia Basin College";"columbiabasin.edu";NA;NA
7471;1;"Al-Yamamah College";"alyamamah.edu.sa";NA;NA
2576;1;"Shenzhen University";"szu.edu.cn";NA;NA
261;1;"Carson-Newman College";"cn.edu";NA;NA
1176;1;"Washington University, Saint Louis";"wustl.edu";NA;NA
6346;1;"Adeyemi College of Education";"aceondo-ng.com";NA;NA
8051;1;"King Mongkut's Institute of Technology Ladkrabang";"kmitl.ac.th";NA;NA
8501;1;"University of Wales Institute, Cardiff";"uwic.ac.uk";NA;NA
1723;1;"Université Libre de Bruxelles";"ulb.ac.be";NA;NA
4671;1;"Al Muthanna University";"uoalmuthana.edu.iq";NA;NA
2709;1;"Universidad Central";"ucentral.edu.co";NA;NA
3169;1;"Ecole pour les Etudes et la Recherche en Informatique et Electronique";"eerie.fr";NA;NA
7204;1;"State University of Aerospace Technologies";"intstudy.mai.ru";NA;NA
7133;1;"Khabarovsk State Academy of Economics and Law";"ael.ru";NA;NA
2858;1;"University of Nicosia";"unic.ac.cy";NA;NA
8394;1;"University of Halifax, Birmingham Campus";"halifaxuni.ac";NA;NA
5407;1;"Jadara University";"jadara.edu.jo";NA;NA
4163;1;"Rajasthan Agricultural University, Bikaner";"raubikaner.org";NA;NA
8472;1;"Sotheby´s Institute of Art - London";"sothebysinstitutelondon.com";NA;NA
7025;1;"Universidade Fernando Pessoa";"ufp.pt";NA;NA
7183;1;"Gorno-Altaisk State University";"gasu.ru";NA;NA
9078;1;"Kansas City Kansas Community College";"kckcc.edu";NA;NA
2234;1;"Universidad Miguel de Cervantes";"ucervantes.cl";NA;NA
7873;1;"Universität St. Gallen";"unisg.ch";NA;NA
6045;1;"Escuela Bancaria y Comercial";"ebc.mx";NA;NA
3457;1;"Fachhochschule Biberach, Hochschule für Bauwesen und Wirtschaft";"fh-biberach.de";NA;NA
2246;1;"Universidad del Desarrollo";"udesarrollo.cl";NA;NA
2179;1;"University of Ottawa";"uottawa.ca";NA;NA
2898;1;"Danish University of Education";"dpu.dk";NA;NA
965;1;"University of Arkansas - Monticello";"uamont.edu";NA;NA
5256;1;"Shokei College";"shokei-gakuen.ac.jp";NA;NA
8795;1;"National Park Community College";"npcc.edu";NA;NA
1727;1;"Hogeschool voor Wetenschap en Kunst (VLEKHO), Brussel";"vlekho.be";NA;NA
9419;1;"University of Akron Wayne College";"wayne.uakron.edu";NA;NA
5318;1;"Tohwa University";"tohwa-u.ac.jp";NA;NA
3788;1;"Centro Universitario Ciudad Vieja";"cucv.edu.gt";NA;NA
7805;1;"University College of Skövde";"his.se";NA;NA
7937;1;"Hsuan Chuang University";"hcu.edu.tw";NA;NA
9322;1;"Onondaga Community College";"sunyocc.edu";NA;NA
3500;1;"Fachhochschule Mannheim, Hochschule für Technik und Gestaltung";"fh-mannheim.de";NA;NA
1957;1;"Universidade Estadual do Vale do Acaraú";"uvanet.br";NA;NA
227;1;"California Coast University";"calcoast.edu";NA;NA
3939;1;"University of Calcutta";"caluniv.ac.in";NA;NA
4631;1;"University of Tehran";"ut.ac.ir";NA;NA
9090;1;"Elizabethtown Community and Technical College";"elizabethtown.kctcs.edu";NA;NA
3248;1;"Ecole Supérieure d'Ingénieurs en Génie Electrique";"esigelec.fr";NA;NA
7146;1;"Bashkir State Agrarian University";"bashedu.ru";NA;NA
3314;1;"Université de Cergy-Pontoise";"u-cergy.fr";NA;NA
3598;1;"Medizinische Hochschule Hannover";"mh-hannover.de";NA;NA
6432;1;"University of Ibadan";"ui.edu.ng";NA;NA
5521;2;"Chonnam National University";"chonnam.ac.kr";"jnu.ac.kr";NA
3973;1;"Gandhi Institute of Technology and Managment";"gitam.edu";NA;NA
1157;1;"Virginia Intermont College";"vic.edu";NA;NA
2174;1;"University of Northern British Columbia";"unbc.ca";NA;NA
7651;1;"Universidad de Deusto";"deusto.es";NA;NA
7361;1;"Samara State Technical University";"sstu.samara.ru";NA;NA
4686;1;"Al Yarmouk University College";"yu.edu.jo";NA;NA
1966;1;"Bourgas University \"Prof. Assen Zlatarov\"";"btu.bg";NA;NA
5581;2;"Hanshin University";"hanshin.ac.kr";"hs.ac.kr";NA
945;1;"Union University";"uu.edu";NA;NA
8110;1;"Université Libre de Tunis";"ult.ens.tn";NA;NA
6709;1;"Universidad Nacional de San Agustin";"unsa.edu.pe";NA;NA
9434;1;"Blue Mountain Community College";"bluecc.edu";NA;NA
893;1;"St. Martin's College";"stmartin.edu";NA;NA
8315;1;"British University in Dubai";"buid.ac.ae";NA;NA
596;1;"Mercer County Community College";"mccc.edu";NA;NA
462;1;"Haskell Indian Nations University";"haskell.edu";NA;NA
4825;1;"University of Technology Jamaica";"utech.edu.jm";NA;NA
269;1;"Central Connecticut State University";"ccsu.edu";NA;NA
4443;1;"Universitas Wijaya Kusuma Surabaya";"wijayakusumasby.ac.id";NA;NA
2100;1;"École nationale d'administration publique, Université du Québec";"enap.uquebec.ca";NA;NA
4292;1;"Universitas Narotama";"narotama.ac.id";NA;NA
4906;1;"Fukuoka University of Education";"fukuoka-edu.ac.jp";NA;NA
5123;1;"Nagasaki Prefectural University";"nagasakipu.ac.jp";NA;NA
2942;1;"Universidad del Caribe";"unicaribe.edu.do";NA;NA
3926;1;"Orissa University of Agriculture and Technology";"bhub.ori.nic.in";NA;NA
2652;1;"Yangzhou University";"yzu.edu.cn";NA;NA
7343;1;"St. Petersburg State Agrarian University";"spbgau.spb.ru";NA;NA
4650;1;"Al Rafidain University College";"coalrafidain.edu.iq";NA;NA
8224;1;"Mbarara University of Science and Technology";"must.ac.ug";NA;NA
7106;1;"University of Agriculture and Veterinary Medicine Iasi";"univagro-iasi.ro";NA;NA
2477;1;"Nanjing Normal University";"njnu.edu.cn";NA;NA
2306;1;"Central Academy of  Fine Art";"cafa.edu.cn";NA;NA
5568;1;"Gongju National University of Education";"gjue.ac.kr";NA;NA
7570;1;"Technical Institute of Dubnica in Dubnica nad Váhom";"dti.sk";NA;NA
4026;1;"Integral University";"integraluniversity.ac.in";NA;NA
6787;1;"University of the City of Manila";"plm.edu.ph";NA;NA
7439;1;"Volgograd State Technical University";"vstu.ru";NA;NA
3897;1;"Amity University";"amity.edu";NA;NA
1488;1;"Universität für Bodenkultur Wien";"boku.ac.at";NA;NA
4358;1;"Universitas Haluoleo";"unhalu.ac.id";NA;NA
5705;1;"Sungkyul University";"sungkyul.ac.kr";NA;NA
6536;1;"Institute of Industrial Electronics Engineering";"iiee.edu.pk";NA;NA
3514;1;"Fachhochschule Offenburg, Hochschule für Technik und Wirtschaft";"fh-offenburg.de";NA;NA
8005;1;"Yuan Ze University";"yzu.edu.tw";NA;NA
4715;1;"Bezalel Academy of Art and Design";"bezalel.ac.il";NA;NA
9304;1;"CUNY Bronx Community College";"bcc.cuny.edu";NA;NA
6956;1;"University of Finance and Management in Bialystok";"wsfiz.edu.pl";NA;NA
6206;1;"Mongolian State University of Arts and Culture";"msuac.edu.mn";NA;NA
8330;1;"New York University, Abu Dhabi";"nyuad.nyu.edu";NA;NA
6446;1;"Nnamdi Azikiwe University";"unizik.edu.ng";NA;NA
829;1;"Skidmore College";"skidmore.edu";NA;NA
9088;1;"Big Sandy Community and Technical College";"bigsandy.kctcs.edu";NA;NA
7679;1;"Universidad de Gerona";"udg.es";NA;NA
419;1;"Frostburg State University";"frostburg.edu";NA;NA
7347;1;"St. Petersburg Institute of Sales Management and Economics";"spbtei.ru";NA;NA
1517;1;"Universität Salzburg";"sbg.ac.at";NA;NA
3879;1;"Holar University College";"holar.is";NA;NA
6387;1;"Gombe State University";"gsu.edu.ng";NA;NA
8236;1;"Dnepropetrovsk National University";"dnu.dp.ua";NA;NA
3955;1;"Devi Ahilya University of Indore";"davv.ac.in";NA;NA
1415;1;"Universidad Nacional de Santiago del Estero";"unse.edu.ar";NA;NA
6662;1;"Universidad del Cono Sur de las Américas";"ucsa.edu.py";NA;NA
3749;1;"Institute of Management Development - Ohrid";"imd.edu.gr";NA;NA
9062;1;"Western Iowa Tech Community College";"witcc.edu";NA;NA
341;1;"Dallas Baptist University";"dbu.edu";NA;NA
350;1;"Delaware State University";"dsc.edu";NA;NA
1879;1;"Universidade Federal do Rio Grande do Norte";"ufrn.br";NA;NA
2119;1;"McMaster University";"mcmaster.ca";NA;NA
6839;1;"University of Saint La Salle";"usls.edu";NA;NA
250;1;"Cameron University";"cameron.edu";NA;NA
5882;1;"City University College of Science and Technology";"city.edu.my";NA;NA
1376;1;"Universidad Empresarial Siglio 21";"uesiglo21.edu.ar";NA;NA
1135;1;"University of Wisconsin - River Falls";"uwrf.edu";NA;NA
4486;1;"Hormozgan University of Medical Sciences";"hums.ac.ir";NA;NA
1445;1;"Federation University Australia";"federation.edu.au";NA;NA
7815;1;"Linköping University";"liu.se";NA;NA
7988;1;"Shih Chien University";"scc.edu.tw";NA;NA
6242;1;"Université Mohammed Ier";"univ-oujda.ac.ma";NA;NA
1280;1;"Shaikh Zayed University";"szu.edu.af";NA;NA
8693;1;"karamanoglu mehmet bey University";"kmu.edu.tr";NA;NA
4220;1;"Tata Institute of Social Sciences";"tiss.edu";NA;NA
125;1;"Baker College";"baker.edu";NA;NA
562;1;"Louisiana College";"lacollege.edu";NA;NA
1808;1;"Fundação Educacional de Ituverava";"feituverava.com.br";NA;NA
6902;1;"Andrzej Frycz Modrzewski Cracow College";"ksw.edu.pl";NA;NA
6171;1;"Universidad de Quintana Roo";"uqroo.mx";NA;NA
6029;1;"University of Technology";"utm.ac.mu";NA;NA
4366;1;"Universitas Komputer Indonesia";"unikom.ac.id";NA;NA
9140;1;"Mount Wachusett Community College";"mwcc.edu";NA;NA
5915;1;"Institute of Teachers Education, Tuanku Bainun";"iptb.edu.my";NA;NA
8433;1;"The Manchester Metropolitan University";"mmu.ac.uk";NA;NA
5271;1;"Graduate University for Advanced Studies";"soken.ac.jp";NA;NA
367;1;"Duke University";"duke.edu";NA;NA
1777;1;"Sarajevo Film Academy";"sfa.ba";NA;NA
2316;1;"Chengdu Institute of Sichuan International Studies University";"cisisu.edu.cn";NA;NA
9318;1;"Monroe Community College";"monroecc.edu";NA;NA
1887;1;"Universidade Federal de Viçosa";"ufv.br";NA;NA
9601;1;"Green River Community College";"greenriver.edu";NA;NA
4788;1;"University of Milan - Bicocca";"unimib.it";NA;NA
9674;2;"Savannah College of Art and Design";"scad.edu";"student.scad.edu";NA
5224;1;"Sakushin Gakuin University";"sakushin-u.ac.jp";NA;NA
1373;1;"Universidad del Aconcagua";"uda.edu.ar";NA;NA
2893;1;"Royal School of Library and Information Science";"db.dk";NA;NA
7490;1;"Jubail Industrial College";"jic.edu.sa";NA;NA
5805;1;"Hariri Canadian University";"hariricanadian.edu.lb";NA;NA
4870;1;"Chukyo University";"chukyo-u.ac.jp";NA;NA
3129;1;"Turku School of Economics and Business Administration";"tukkk.fi";NA;NA
5587;1;"Hoseo University";"hoseo.ac.kr";NA;NA
3574;1;"Hochschule Mittweida (FH)";"htwm.de";NA;NA
838;1;"Southern College of Technology";"sct.edu";NA;NA
3513;1;"Fachhochschule für das öffentliche Bibliothekswesen Bonn";"fhoebb.de";NA;NA
1483;2;"University of Technology Sydney";"uts.edu.au";"student.uts.edu.au";NA
2062;1;"Université de Douala";"univ-douala.com";NA;NA
5739;1;"Yonsei University";"yonsei.ac.kr";NA;NA
7715;2;"Universitat Pompeu Fabra";"upf.es";"upf.edu";NA
503;1;"Ithaca College";"ithaca.edu";NA;NA
8549;1;"Universidad Gran Mariscal de Ayacucho";"ugma.edu.ve";NA;NA
2761;1;"Universidad Santiago de Cali";"usaca.edu.co";NA;NA
1226;1;"William Penn College";"wmpenn.edu";NA;NA
4987;1;"Juntendo University";"juntendo.ac.jp";NA;NA
3508;1;"Fachhochschule Niederrhein";"fh-niederrhein.de";NA;NA
3760;1;"Technological Education Institute of Kalamata";"teikal.gr";NA;NA
3804;1;"Greenheart Medical School";"greenheartmed.org";NA;NA
4664;1;"Salahddin University (Kurdistan Region)";"suh-edu.com";NA;NA
7109;1;"Maritime University Constanta";"universitateamaritima.ro";NA;NA
6594;1;"Arid Agriculture University";"uaar.edu.pk";NA;NA
6106;1;"Universidad del Centro de México";"ucem.edu.mx";NA;NA
5071;1;"Kyoto University of Education";"kyokyo-u.ac.jp";NA;NA
2508;1;"Renmin University of China";"ruc.edu.cn";NA;NA
1740;1;"Royal University of Bhutan";"rub.edu.bt";NA;NA
7396;1;"St. Petersburg State University of Economics and Finance";"uef.ru";NA;NA
3950;1;"Cochin University of Science and Technology";"cusat.ac.in";NA;NA
4064;1;"Krishna University";"krishnauniversity.ac.in";NA;NA
5239;1;"Sapporo Gakuin University";"sgu.ac.jp";NA;NA
8406;1;"Institute of Education, University of London";"ioe.ac.uk";NA;NA
5708;1;"Suwon University";"suwon.ac.kr";NA;NA
5236;1;"Senshu University";"senshu-u.ac.jp";NA;NA
5954;1;"Perdana University";"perdanauniversity.edu.my";NA;NA
5640;2;"Kyungil University";"kyungil.ac.kr";"kiu.ac.kr";NA
4578;1;"Rafsanjan University of Medical Sciences";"rums.ac.ir";NA;NA
2141;1;"Ryerson Polytechnic University";"ryerson.ca";NA;NA
3350;1;"Université de Haute-Alsace";"univ-mulhouse.fr";NA;NA
5261;1;"Shuchiin College";"shuchiin.ac.jp";NA;NA
4497;1;"Islamic Azad University, Hamedan";"iauh.ac.ir";NA;NA
5050;1;"Kyoto Prefectural University";"kpu.ac.jp";NA;NA
416;1;"Frederick Community College";"frederick.edu";NA;NA
1191;1;"Western Governors University";"wgu.edu";NA;NA
8686;1;"Hitit University";"hitit.edu.tr";NA;NA
7355;1;"Samara State Aerospace University";"ssau.ru";NA;NA
226;1;"Butler University";"butler.edu";NA;NA
7579;1;"University of Trnava";"truni.sk";NA;NA
9350;1;"Craven Community College";"cravencc.edu";NA;NA
2082;1;"Capilano College";"capcollege.bc.ca";NA;NA
4378;1;"Universitas Islam Sultan Agung";"unissula.ac.id";NA;NA
5179;1;"Osaka International University for Women";"oiuw.oiu.ac.jp";NA;NA
547;1;"Lenoir Community College";"lenoircc.edu";NA;NA
4971;1;"International University of Japan";"iuj.ac.jp";NA;NA
4094;1;"Mohan Lal Sukhadia University";"mlsu.ac.in";NA;NA
6731;1;"Universidad Señor de Sipán";"uss.edu.pe";NA;NA
7518;1;"Shaqra University";"su.edu.sa";NA;NA
7582;1;"University of SS. Cyril and Methodius in Trnava";"ucm.sk";NA;NA
3287;1;"Institut Supérieure d'Electronique de Paris";"isep.fr";NA;NA
7662;1;"Universidad de Alicante";"ua.es";NA;NA
6117;1;"Universidad de Occidente";"udo.mx";NA;NA
8801;1;"Rich Mountain Community College";"rmcc.edu";NA;NA
2885;1;"Brno University of Technology";"vutbr.cz";NA;NA
6073;1;"Tecnologico de Baja California, Universidad";"tecbc.mx";NA;NA
756;1;"Ramapo College";"ramapo.edu";NA;NA
1169;1;"Washburn University";"wuacc.edu";NA;NA
9567;1;"Community College of Vermont";"ccv.edu";NA;NA
6715;1;"Universidad Privada Antenor Orrego";"upao.edu.pe";NA;NA
360;1;"Dominican College";"dominican.edu";NA;NA
7514;1;"College of Technology at Riyadh";"rct.edu.sa";NA;NA
9460;1;"Manor College";"manor.edu";NA;NA
7055;1;"Universidad Central del Caribe";"uccaribe.edu";NA;NA
4770;1;"University of Cagliari";"unica.it";NA;NA
1772;1;"Universidad Técnica de Oruro";"uto.edu.bo";NA;NA
4176;1;"Sathyabama University";"sathyabamauniv.ac.in";NA;NA
5783;1;"Latvian Academy of Sports Education";"lspa.lanet.lv";NA;NA
312;1;"College of William and Mary";"wm.edu";NA;NA
8235;1;"Dnepropetrovsk National University of Railway Transport";"diit.edu.ua";NA;NA
8296;1;"Uzhgorod National University";"univ.uzhgorod.ua";NA;NA
5005;1;"Kawasaki Medical School";"kawasaki-m.ac.jp";NA;NA
404;1;"Florida Gulf Coast University";"fgcu.edu";NA;NA
1900;1;"Universidade Ibirapuera";"unib.br";NA;NA
2403;1;"Henan Agriculture University";"henau.edu.cn";NA;NA
5968;1;"Sultan Haji Ahmad Shah Polytechnic";"polisas.edu.my";NA;NA
3770;1;"Technological Education Institute of Western Greece";"teiwest.gr";NA;NA
1295;1;"University of Gjirokstra \"Eqerem Cabej\"";"uogj.edu.al";NA;NA
8132;1;"Baskent University";"baskent.edu.tr";NA;NA
1018;1;"University of Maine";"umaine.edu";NA;NA
9250;1;"Little Priest Tribal College";"littlepriest.edu";NA;NA
8421;1;"University of Lincoln";"lincoln.ac.uk";NA;NA
408;1;"Fontbonne College";"fontbonne.edu";NA;NA
521;1;"Kaplan University";"kaplan.edu";NA;NA
7019;1;"Universidade de Aveiro";"ua.pt";NA;NA
9367;1;"Mitchell Community College";"mitchellcc.edu";NA;NA
8680;1;"Erzurum Tecnical University";"erzurum.edu.tr";NA;NA
7722;1;"Universitat Rovira I Virgili Tarragona";"urv.es";NA;NA
3214;1;"Ecole Nationale Supérieur des Ingénieur des Etudes et Techniques d'Armement";"ensieta.fr";NA;NA
8146;1;"Dicle (Tirgris) University";"dicle.edu.tr";NA;NA
8690;1;"Istanbul University";"istanbul.edu.tr";NA;NA
9670;1;"Mohawk College";"mohawkcollege.ca";NA;NA
450;1;"Hagerstown Community College";"hagerstowncc.edu";NA;NA
661;1;"New Hampshire College";"nhc.edu";NA;NA
998;1;"University of Great Falls";"ugf.edu";NA;NA
9255;1;"Southeast Community College Area";"southeast.edu";NA;NA
8758;1;"Lurleen B Wallace Community College";"lbwcc.edu";NA;NA
7903;1;"HUG - Univ. Hospitals of Geneva";"hcuge.ch";NA;NA
1842;1;"Universidade Estadual de Feira de Santana";"uefs.br";NA;NA
9112;1;"Southern University at Shreveport";"susla.edu";NA;NA
3025;1;"Sohag University";"sohag-univ.edu.eg";NA;NA
5041;1;"Kokugakuin University";"kokugakuin.ac.jp";NA;NA
3477;1;"Fachhochschule Hamburg";"fh-hamburg.de";NA;NA
4354;1;"Universitas Diponegoro";"undip.ac.id";NA;NA
5857;1;"South East European University";"seeu.edu.mk";NA;NA
5560;1;"Dongyang University";"dyu.ac.kr";NA;NA
5280;1;"Surugadai University";"surugadai.ac.jp";NA;NA
2703;1;"Universidad Antonio Nariño";"uanarino.edu.co";NA;NA
5961;1;"Merlimau Polytechnic";"pmm.edu.my";NA;NA
971;1;"University of California, Los Angeles";"ucla.edu";NA;NA
6654;1;"University of Goroka";"uog.ac.pg";NA;NA
7354;1;"Samara State Academy of Architecture and Civil Engineering";"ssaba.smr.ru";NA;NA
7150;1;"Sterlitamak State Pedagogical Institute";"bashedu.ru";NA;NA
7640;1;"Walter Sisulu University for Technology and Science";"wsu.ac.za";NA;NA
